Region,Number_of_countries,Total_population_millions,Avg_GDP_per_capita,Countries_with_low_income,Median_GDP_per_capita,Min_U5_Mortality,Max_U5_Mortality
East Asia & Pacific,36,2259.188726,16517.79075460606,1,4280.838915,2.6,63.4
Europe & Central Asia,58,915.545801,25476.890480633334,1,16680.6781,2.1,47.3
Latin America & Caribbean,42,644.137666,9851.427183260606,1,7145.076837,5.4,71.7
Middle East & North Africa,21,444.322417,15446.61821275,2,5785.9483545,3.6,61.7
North America,3,362.492702,52281.890935,0,52281.890935,5.1,6.6
South Asia,8,1788.388852,3095.0728573,2,1744.9754075,7.9,74.9
Sub-Saharan Africa,47,1056.03889,2368.9141519347827,26,1145.6044185,13.1,127.2
NA,4,41.043452,6973.495512500001,0,6973.495512500001,7.9,24.87706865
